0,1,2,3,4,5,6,7,8,9,10,11,12,13,14,15,16,17,18,19,labels
-205.0885772705078,138.67872619628906,-18.43967056274414,27.475791931152344,-10.126503944396973,2.6080868244171143,-14.520509719848633,-7.967076778411865,-11.2892427444458,-5.705174446105957,-9.277644157409668,-4.599908828735352,-8.202689170837402,-9.363167762756348,-6.193170070648193,-4.1657257080078125,-6.603656768798828,-0.28006595373153687,-5.223809242248535,-1.9297658205032349,neutral
-152.1448806158508,83.20862833690136,13.203068803931007,8.273692122509289,0.12063556359182029,-3.3416153028415962,-9.227879452136891,-10.675074758092295,-8.994608224774986,-7.678893554823404,-6.743148472741229,-6.085638233835001,-7.416142945190161,-9.34690685247687,-5.838158096331646,-5.186473943075711,-5.021514514997288,-2.1098321573857395,-3.855264055646403,-2.3540426803455787,neutral
-240.0494384765625,136.6273956298828,-18.206424713134766,27.00157356262207,-10.84346866607666,3.16575288772583,-14.75137710571289,-8.25193977355957,-11.27397346496582,-6.15672492980957,-9.105854988098145,-4.804128646850586,-8.124028205871582,-9.586211204528809,-6.201877593994141,-4.765041351318359,-6.832322120666504,0.14241628348827362,-5.147770404815674,-2.169768810272217,neutral
-204.67137145996094,138.64407348632812,-18.265300750732422,27.409399032592773,-10.052928924560547,2.596496820449829,-14.477277755737305,-7.967471122741699,-11.239126205444336,-5.669743537902832,-9.195027351379395,-4.584416389465332,-8.179986000061035,-9.367667198181152,-6.168122291564941,-4.145785331726074,-6.572946071624756,-0.274029403924942,-5.247569561004639,-1.9506821632385254,neutral
-236.35574340820312,133.99716186523438,-18.614377975463867,25.16701889038086,-13.719381332397461,1.473201870918274,-17.238990783691406,-7.145034313201904,-11.29509162902832,-4.718451499938965,-8.992997169494629,-4.16387414932251,-9.729763984680176,-8.43125057220459,-4.77534294128418,-3.9460973739624023,-4.9479827880859375,0.05073198303580284,-6.060750961303711,1.8617249727249146,neutral
-288.0184020996094,110.66382598876953,-17.157217025756836,19.948244094848633,-2.231656789779663,16.454002380371094,-9.407827377319336,-2.2566912174224854,-6.9961256980896,-0.8440338373184204,-6.168116092681885,-4.52800989151001,-7.12963342666626,-4.9118804931640625,-0.520776093006134,6.153393745422363,-0.6661698818206787,-0.8143584728240967,-3.169309377670288,-2.9574668407440186,surprise
-188.71191952228585,41.94064886266323,1.6187325107045387,6.745909074039482,1.3629498035343495,4.8479182290340725,-2.9464524382985764,-4.702533356656169,-4.061373892354798,-2.2115482780902957,-3.831529338599058,-4.899790639706865,-4.841769133397253,-5.0241836032132134,-0.7052913400317897,3.1905429405806776,0.2678677645755365,-1.9737185735653688,-1.9087905744547657,-1.954814209005492,surprise
-317.9375,106.44853973388672,-15.89435863494873,19.525867462158203,-1.6962015628814697,16.24340057373047,-9.665210723876953,-2.591188907623291,-7.044948101043701,-0.9795863628387451,-5.679703712463379,-4.1777663230896,-6.976566791534424,-5.575309753417969,-0.837809145450592,6.0296173095703125,-1.0328681468963623,-1.1312094926834106,-3.266937494277954,-2.836191415786743,surprise
-287.5511474609375,110.77845001220703,-17.294700622558594,19.99250030517578,-2.228205442428589,16.478296279907227,-9.427563667297363,-2.2895596027374268,-7.0299153327941895,-0.8534138202667236,-6.207103252410889,-4.572225570678711,-7.127182483673096,-4.9469685554504395,-0.5129412412643433,6.154093265533447,-0.6535415649414062,-0.77968829870224,-3.1401054859161377,-2.9484379291534424,surprise
-316.28619384765625,106.540771484375,-18.377676010131836,20.756053924560547,-1.6722077131271362,16.564090728759766,-11.281527519226074,-2.5349326133728027,-7.767270565032959,-1.1570208072662354,-7.763984680175781,-4.739163398742676,-6.959752082824707,-2.6724846363067627,2.360740900039673,3.4625070095062256,-4.361745834350586,-2.1401352882385254,-4.498632907867432,-3.9706850051879883,surprise
-243.083984375,104.0544662475586,-4.351140022277832,24.859315872192383,-0.5146528482437134,15.461697578430176,-15.26037311553955,-3.3464365005493164,-16.590932846069336,-5.619646072387695,-5.879707336425781,-5.347295761108398,-9.824392318725586,-5.296606540679932,2.0949740409851074,1.8933801651000977,-7.839593410491943,-4.123871326446533,-2.5671772956848145,-4.825096607208252,joy
-125.10738867093457,35.7477565826469,8.883381993831897,7.479549861367911,3.573854560469522,3.4773251895659816,-5.918728161512186,-5.698606894686449,-8.501789273673687,-5.521390390354395,-4.041130896875065,-4.568614255907894,-5.895755769163803,-4.92202484040689,0.4437736265736538,-0.57632323675268,-5.325935852001508,-3.7430581979421587,-1.189631658108643,-3.105707028112314,joy
-274.4934997558594,99.04702758789062,-4.916618347167969,24.237600326538086,-1.4549365043640137,15.05185604095459,-15.69860553741455,-3.1883063316345215,-15.956083297729492,-5.111295700073242,-5.745721340179443,-5.391915321350098,-10.03991413116455,-5.339119911193848,2.4325435161590576,1.9026340246200562,-8.168278694152832,-4.581518173217773,-2.4776947498321533,-4.665771961212158,joy
-242.59693908691406,104.09829711914062,-4.026396751403809,25.052412033081055,-0.28727734088897705,15.555245399475098,-15.06513500213623,-3.218270778656006,-16.439029693603516,-5.680080413818359,-5.915389060974121,-5.352670669555664,-9.828124046325684,-5.3642473220825195,2.2156529426574707,1.9555246829986572,-7.729649543762207,-4.107336044311523,-2.504181146621704,-4.7469940185546875,joy
-271.4306640625,97.94316101074219,-4.585270404815674,23.402738571166992,-1.085775375366211,12.210953712463379,-17.72561264038086,-3.851912498474121,-17.854785919189453,-3.0162105560302734,-6.7223639488220215,-4.8144965171813965,-10.024540901184082,-1.381957769393921,3.2190091609954834,-2.2593581676483154,-9.449094772338867,-1.9882017374038696,-3.4977245330810547,-6.285562038421631,joy
-213.27102661132812,95.73678588867188,7.619668483734131,23.649120330810547,0.4849023222923279,18.935047149658203,-13.599221229553223,4.339206695556641,-8.175442695617676,-8.130220413208008,-17.543495178222656,-0.6755953431129456,-11.093762397766113,-13.945497512817383,-9.348060607910156,-4.58441162109375,-8.890192985534668,-3.279702663421631,-10.97066879272461,-3.3170528411865234,anger
-142.66157375752658,47.6469625962736,14.26192354391264,14.019798683964956,4.990277145066345,11.875426162931904,-4.814617543415572,-1.0059960987902812,-5.176098962309046,-10.08163940297333,-12.326442061480988,-4.267819328948951,-7.84523364860796,-14.250474018179258,-8.755188739542191,-6.304449395797599,-6.195673745685069,-4.797368603372987,-8.669447136641068,-3.839533171875358,anger
-241.66270446777344,92.92939758300781,6.77827787399292,23.185422897338867,-1.3579423427581787,18.710174560546875,-14.807816505432129,4.417175769805908,-9.145429611206055,-8.238707542419434,-18.234615325927734,-0.12994438409805298,-10.80523681640625,-14.259801864624023,-9.547451972961426,-4.045884132385254,-8.315189361572266,-2.472724199295044,-11.482342720031738,-3.344696521759033,anger
-211.1951904296875,95.35968780517578,7.408719539642334,23.25235939025879,0.31402409076690674,18.817562103271484,-13.527101516723633,4.417225360870361,-8.156393051147461,-8.094281196594238,-17.399429321289062,-0.6769357323646545,-10.966385841369629,-13.9724760055542,-9.234147071838379,-4.561142921447754,-8.77034854888916,-3.2862308025360107,-10.932641983032227,-3.364725112915039,anger
-236.15582275390625,91.27464294433594,9.87761116027832,21.9165096282959,2.6551718711853027,16.493085861206055,-14.68783187866211,4.210360527038574,-10.904651641845703,-10.596498489379883,-16.366056442260742,1.1610984802246094,-16.73553466796875,-14.569684028625488,-7.762627124786377,-5.563779354095459,-9.147627830505371,-5.056885719299316,-11.843847274780273,2.6800966262817383,anger
-146.44277954101562,80.67608642578125,-33.84935760498047,22.560094833374023,-28.10972785949707,7.055622577667236,-19.886838912963867,0.2600773572921753,-17.530900955200195,-0.13451579213142395,-10.443695068359375,-2.0340147018432617,-4.324686527252197,-10.468234062194824,-12.491127014160156,3.7540388107299805,-7.108210563659668,-11.521228790283203,-3.2951667308807373,-3.3288257122039795,disgust
-93.24668405017302,40.10221175167247,-7.607788341958753,6.06783213998064,-12.92837677437532,-4.310128860546359,-9.51572900970102,-7.297201860500588,-8.851743922691798,-5.560147021193279,-5.591547971766104,-4.931823722818135,-1.790441253249752,-10.505913453459172,-7.797686873091582,0.8657625494200187,-4.787828134218482,-9.529447553622173,-3.0237437690846263,-3.872885626780275,disgust
-171.32559204101562,77.83671569824219,-33.59906768798828,23.221515655517578,-28.0804500579834,5.840824127197266,-21.67413330078125,-0.9369943141937256,-17.973583221435547,-0.3261106014251709,-9.849349975585938,-1.8920080661773682,-3.581265687942505,-12.000444412231445,-13.268314361572266,3.282318353652954,-7.023230075836182,-11.474194526672363,-2.707469940185547,-3.9382803440093994,disgust
-145.0485076904297,81.1094970703125,-34.10593032836914,22.59879493713379,-28.173959732055664,7.098320007324219,-20.007768630981445,0.2581222653388977,-17.67404556274414,-0.2440631091594696,-10.373278617858887,-2.0961785316467285,-4.439370155334473,-10.652885437011719,-12.568883895874023,3.6084349155426025,-7.20654296875,-11.524338722229004,-3.062204360961914,-3.3708832263946533,disgust
-167.04476928710938,74.1868667602539,-32.041568756103516,18.648630142211914,-29.090112686157227,5.743094444274902,-22.523874282836914,-1.6593860387802124,-17.51607894897461,2.4689877033233643,-12.061214447021484,-0.7042092084884644,-9.503480911254883,-12.531304359436035,-8.514076232910156,3.8191044330596924,-13.323796272277832,-8.008094787597656,-1.9897210597991943,-5.5500054359436035,disgust
-359.5407409667969,86.64429473876953,23.827125549316406,16.68602752685547,-1.220086932182312,13.217219352722168,-5.193107604980469,7.9422736167907715,-5.9816694259643555,1.4172865152359009,-0.28953391313552856,1.3306950330734253,-6.327168941497803,-3.9696590900421143,-1.7543113231658936,-5.824601650238037,-6.07818078994751,-2.3217759132385254,-3.8783512115478516,-5.3063154220581055,neutral
-242.17345006894757,27.853028273303757,16.76639537422017,12.103276401353927,0.15984620914677947,3.957145647957667,-2.149914445400291,3.0531040370010376,-1.9816050308841764,-1.453885908565544,-0.5003224344846043,-0.37306462241340155,-4.4619040398468,-4.021597838660614,-2.815783382140284,-4.960110718611016,-4.183474507177086,-2.8685472532028666,-4.413042783916294,-5.081555209077122,neutral
-389.3816833496094,80.33443450927734,24.87200927734375,17.13804817199707,-2.2530124187469482,13.309713363647461,-4.929729461669922,7.67144250869751,-6.3738322257995605,0.9549769163131714,-0.4534819424152374,0.806925356388092,-6.443229675292969,-4.418461322784424,-2.1187994480133057,-5.815577983856201,-6.330896854400635,-2.2920711040496826,-4.519626617431641,-5.559822082519531,neutral
-359.35906982421875,86.75715637207031,23.804235458374023,16.73785972595215,-1.2146059274673462,13.125317573547363,-5.24025297164917,7.948392868041992,-6.019124507904053,1.3675872087478638,-0.2728310823440552,1.32382333278656,-6.375190734863281,-3.9811549186706543,-1.7587459087371826,-5.853846549987793,-6.103198528289795,-2.371623992919922,-3.937141180038452,-5.334666728973389,neutral
-391.0355224609375,83.79502868652344,23.984451293945312,14.129734992980957,-1.2462191581726074,11.970847129821777,-6.393357753753662,6.594186305999756,-8.421869277954102,2.073901414871216,-0.874164342880249,0.3633211851119995,-7.940447807312012,-2.914637565612793,-4.537593841552734,-7.498904228210449,-5.745250701904297,-1.7716686725616455,-5.870398044586182,-5.335505962371826,neutral
-335.08917236328125,125.35303497314453,30.21832275390625,22.667715072631836,4.147567272186279,16.607267379760742,14.597137451171875,14.507577896118164,3.993173122406006,8.670473098754883,2.8612513542175293,10.340240478515625,1.3675075769424438,4.189240455627441,1.6596696376800537,-2.5696656703948975,-0.46240705251693726,-3.498598098754883,0.8822693228721619,0.24049872159957886,surprise
-174.7231740651208,39.9418060288727,21.683949862902978,12.07319282378796,8.356481081735323,11.603375689881235,12.969510866470314,11.299128085052981,7.328104790963501,5.179553007057258,4.01814833668079,4.753506542870904,3.755348638036535,3.042529678814362,1.4602733072954681,-0.8306088417583631,-1.0115812491503704,-1.690829523395608,-0.9343466172880828,-0.2038280650508088,surprise
-364.0888671875,118.25037384033203,28.17699432373047,22.504440307617188,3.075643539428711,15.038692474365234,14.903414726257324,15.116169929504395,4.0834221839904785,7.94605016708374,2.5734682083129883,10.444547653198242,2.531109571456909,4.447470188140869,1.4521335363388062,-2.698381185531616,-1.161147952079773,-4.246800899505615,0.6035192608833313,0.44470199942588806,surprise
-333.08392333984375,126.12397003173828,29.88025665283203,22.688922882080078,4.121485233306885,16.513275146484375,14.47595500946045,14.514857292175293,4.045161724090576,8.68097972869873,2.8843870162963867,10.405898094177246,1.4596503973007202,4.2512431144714355,1.6643825769424438,-2.5774245262145996,-0.423689067363739,-3.4083573818206787,0.8793107271194458,0.2779788672924042,surprise
-353.7574462890625,115.1403579711914,29.54132652282715,21.649145126342773,4.058382034301758,15.498030662536621,15.746423721313477,12.883553504943848,4.138015270233154,7.390165328979492,2.931264638900757,9.771227836608887,1.0818374156951904,4.186794757843018,-2.7470099925994873,-2.001288652420044,-1.2075769901275635,-3.463348865509033,1.379141926765442,-2.1643154621124268,surprise
-356.4456787109375,124.43524169921875,33.91289520263672,17.02593421936035,13.292975425720215,27.83295440673828,13.399321556091309,7.683640956878662,4.1309356689453125,8.817728996276855,4.092703819274902,3.219208002090454,-2.3884668350219727,3.138373613357544,4.066237449645996,-0.8080840706825256,-2.1072661876678467,0.7260648608207703,0.039098091423511505,2.9199955463409424,surprise
-160.37811830196046,25.889165566735375,16.042675887035248,13.836437199495055,10.346842660174628,13.888826481438649,10.780938694210395,7.804514976743573,6.699999327105888,6.413516695734243,4.0805137438381465,2.1039563533374137,0.6078740974465456,1.5522139705729114,1.6188235943540745,0.2371432758586881,-0.10957286249294879,0.027017562244672513,0.7879971282106847,1.5529295109695405,surprise
-390.9013977050781,122.981689453125,32.84434509277344,16.438486099243164,12.18539047241211,27.89531898498535,13.582996368408203,8.104869842529297,3.5235300064086914,7.614247798919678,2.8739736080169678,2.716567039489746,-3.118729829788208,2.2042503356933594,3.579108238220215,-0.674821674823761,-2.0952372550964355,0.18624255061149597,-0.8641472458839417,2.864476203918457,surprise
-352.5766296386719,124.229736328125,33.02744674682617,17.559663772583008,13.20958137512207,27.457727432250977,13.191330909729004,7.803891181945801,4.342673301696777,8.902266502380371,4.020450115203857,3.2055811882019043,-2.3485426902770996,3.013878583908081,3.800845146179199,-0.9778681397438049,-2.164992332458496,0.691612184047699,0.07261539250612259,3.0625603199005127,surprise
-384.7388610839844,121.0893783569336,32.5522346496582,15.754340171813965,13.937531471252441,27.60637664794922,10.61552619934082,5.756148338317871,4.769707202911377,8.4610013961792,2.0728113651275635,-0.0852108895778656,-3.2253077030181885,4.028535842895508,2.006335973739624,-1.4839863777160645,-0.8422378897666931,0.18857751786708832,0.5557374358177185,2.88973331451416,surprise
-202.966064453125,106.8438720703125,-28.35463523864746,13.659404754638672,-20.95793342590332,1.8051363229751587,-32.572715759277344,-8.288287162780762,-23.356834411621094,-13.282807350158691,-10.06918716430664,-16.918981552124023,-15.66721248626709,-8.310754776000977,-5.6896514892578125,-0.8242180943489075,-4.539097785949707,-7.085250377655029,-6.6523003578186035,-7.647984504699707,joy
-159.54642215424602,70.2589859757322,-6.796110026224553,3.6928812950476084,-8.298995690417161,-4.973841938289654,-20.589103848561354,-12.350891275533897,-15.97226833934702,-12.61500093096078,-6.672188539804968,-13.949783484663122,-12.016321059404476,-6.740028591303388,-2.4498215023100323,0.7425222957143862,-1.805869985364075,-5.062187339256978,-4.082415990491583,-5.287383661818698,joy
-228.56304931640625,103.13604736328125,-29.465322494506836,10.91718578338623,-21.555234909057617,0.08559370785951614,-31.943220138549805,-8.705845832824707,-22.547380447387695,-13.528029441833496,-8.354241371154785,-17.36324691772461,-15.594552993774414,-7.880893707275391,-4.775207042694092,-1.1865179538726807,-4.995845317840576,-7.968303203582764,-5.919249057769775,-6.940266132354736,joy
-202.98049926757812,106.8271713256836,-28.342262268066406,13.656302452087402,-20.935810089111328,1.788266658782959,-32.557769775390625,-8.304075241088867,-23.3599796295166,-13.287554740905762,-10.058913230895996,-16.928955078125,-15.672794342041016,-8.317176818847656,-5.680054187774658,-0.8344537615776062,-4.536665439605713,-7.087967872619629,-6.649134635925293,-7.651358127593994,joy
-222.3007354736328,99.66510772705078,-29.783395767211914,7.169781684875488,-22.681535720825195,-2.3703415393829346,-33.41949462890625,-7.762806415557861,-24.675485610961914,-10.112247467041016,-11.042868614196777,-18.4494571685791,-13.38186264038086,-5.324497222900391,-3.544949769973755,-2.0598490238189697,-8.887493133544922,-8.986109733581543,-7.193718433380127,-9.27912712097168,joy
-334.8948059082031,65.21717834472656,24.025789260864258,56.32022476196289,15.8934907913208,26.896934509277344,10.257514953613281,18.338693618774414,3.277587413787842,19.297550201416016,4.96685791015625,12.98865032196045,0.04932886362075806,7.373213291168213,-4.217196941375732,1.0521639585494995,-0.4729383885860443,2.5655853748321533,-5.259188652038574,-0.31413552165031433,sadness
-282.88302072709575,37.022716556036514,30.618185738210535,38.32703735281042,20.103952780615124,21.91108373430512,15.57068958520752,14.560047458531315,8.01743685396338,14.138734226956723,7.957830956502219,8.113559732520322,4.394362021017484,4.927007026154427,-0.05649915303801096,-0.45226291689752335,1.4344761896904101,-0.8578200700635723,-3.112274861315477,-2.909585259048887,sadness
-368.2232360839844,62.12994384765625,24.053102493286133,55.81544876098633,15.46901798248291,27.216594696044922,10.70494556427002,18.88315773010254,3.1989693641662598,19.46588134765625,4.910649299621582,12.65956974029541,0.6519090533256531,7.575559139251709,-4.34796667098999,0.6790935397148132,-0.38826388120651245,2.316650629043579,-5.175955772399902,-0.5504781007766724,sadness
-334.8139343261719,65.12154388427734,23.97201156616211,56.37096405029297,15.899733543395996,26.89801788330078,10.215263366699219,18.33852195739746,3.2613000869750977,19.327024459838867,4.929044246673584,12.959632873535156,0.043016232550144196,7.407486915588379,-4.213532447814941,1.0296086072921753,-0.5039832592010498,2.5887467861175537,-5.227625370025635,-0.3071315586566925,sadness
-366.5181579589844,60.39590835571289,27.92440414428711,53.75711441040039,15.421390533447266,25.706438064575195,10.618378639221191,16.290061950683594,4.970743179321289,19.80565071105957,3.767153739929199,11.058669090270996,-2.019563913345337,5.170856475830078,-5.855099201202393,3.0162010192871094,-0.8072511553764343,0.17680062353610992,-6.887111663818359,-0.9347731471061707,sadness
-371.7428283691406,103.12236785888672,-21.32593536376953,17.706302642822266,4.815993309020996,-15.736165046691895,-18.753583908081055,-17.60725212097168,-23.16169548034668,-2.739100933074951,-6.795262813568115,-5.7509765625,-3.838182210922241,-15.978778839111328,-10.282057762145996,4.030510425567627,-15.347064971923828,0.9825312495231628,-4.068737506866455,-8.418450355529785,neutral
-288.59942128798207,50.82350976021424,3.0386170960082675,5.6071321013442255,2.3305621523046374,-7.778856470768206,-11.109046633265029,-12.97984179052018,-13.127622156724005,-5.254563240729558,-3.843840939798297,-2.5149139917629473,-3.4428826471277603,-8.764892615726382,-5.249399116233412,-0.27846186476724544,-5.1809161362696345,-1.4436212780818367,-1.3563778627145961,-3.9652093178248853,neutral
-393.92010498046875,102.4293212890625,-22.542009353637695,17.484935760498047,4.0760393142700195,-16.3236026763916,-20.156518936157227,-18.58742332458496,-24.365924835205078,-2.758322238922119,-7.0056047439575195,-5.986593723297119,-2.991790771484375,-15.534977912902832,-10.153244018554688,4.690237998962402,-15.44501781463623,1.8610297441482544,-3.905895709991455,-8.157299041748047,neutral
-371.6502380371094,103.33515930175781,-20.891817092895508,17.914888381958008,5.039835453033447,-15.52550983428955,-18.81998062133789,-17.778440475463867,-23.219776153564453,-2.540579319000244,-6.617548942565918,-5.8064045906066895,-3.7742724418640137,-15.958459854125977,-10.10098648071289,4.187534809112549,-15.38115406036377,1.0262267589569092,-4.2251057624816895,-8.436984062194824,neutral
-388.01507568359375,100.79203033447266,-23.97245979309082,19.06759262084961,-0.7483637928962708,-18.80452537536621,-20.755672454833984,-19.6249942779541,-21.546852111816406,1.6255773305892944,-8.261381149291992,-4.8116455078125,-7.606953144073486,-17.20230484008789,-3.160067081451416,0.393097460269928,-15.70748519897461,5.136929988861084,-10.871139526367188,-5.075399398803711,neutral
-357.6279296875,108.67385864257812,9.447311401367188,15.088761329650879,-1.4565789699554443,-23.967912673950195,-26.260339736938477,-19.61747169494629,-7.646352291107178,-3.5476841926574707,-8.313264846801758,3.6513261795043945,-9.654489517211914,-6.063933372497559,1.3484476804733276,-10.767510414123535,-3.600527048110962,6.519641876220703,-13.65373420715332,-2.443727731704712,neutral
-212.38330298081658,46.141796163007676,19.389216417094342,4.601411856567512,-2.744969806784999,-12.263819162927097,-15.345951632522944,-12.342221361152507,-7.411730892291596,-3.3249850875873865,-1.7617538733383653,-0.16181267890211926,-2.722574224233053,-1.7690700479400696,-1.7711938039887218,-3.9581383061384203,-2.3004841374436094,0.4803138398971663,-4.167993164306117,-2.992115781204579,neutral
-375.7537841796875,108.95364379882812,11.43739128112793,13.900424003601074,-2.031799554824829,-24.714981079101562,-26.987661361694336,-20.439626693725586,-8.075902938842773,-3.6014926433563232,-8.261759757995605,3.6262528896331787,-9.806319236755371,-5.164334774017334,1.4820572137832642,-11.220077514648438,-3.5391616821289062,6.640424728393555,-14.192793846130371,-2.550086736679077,neutral
-355.88323974609375,108.92581176757812,9.373863220214844,15.066009521484375,-1.4726451635360718,-23.789426803588867,-26.149986267089844,-19.489112854003906,-7.488058567047119,-3.3886172771453857,-8.203434944152832,3.727908134460449,-9.582976341247559,-6.057925224304199,1.3724606037139893,-10.767139434814453,-3.557816505432129,6.531478404998779,-13.626954078674316,-2.457998275756836,neutral
-374.271240234375,112.98147583007812,7.0594635009765625,12.817082405090332,-6.701676368713379,-28.643627166748047,-27.806116104125977,-18.52146339416504,-5.253547191619873,-4.365191459655762,-7.127297401428223,1.7927299737930298,-13.498311996459961,-1.8802796602249146,-1.4245284795761108,-12.514324188232422,2.7990238666534424,-0.3457069993019104,-15.787015914916992,0.4007401764392853,neutral
-338.22735595703125,87.79066467285156,1.2262316942214966,9.914301872253418,-6.892271995544434,-22.919660568237305,-15.260177612304688,-20.194780349731445,-24.776708602905273,-12.373358726501465,-15.914609909057617,-8.571590423583984,-15.170811653137207,-12.186104774475098,-3.0529842376708984,-13.075390815734863,-8.372114181518555,-2.7914342880249023,-11.251485824584961,-7.561778545379639,neutral
-297.82429333739884,62.54744358732132,12.640273638592436,8.615556709472886,-6.602867149019864,-17.67252973460294,-13.460030369808907,-17.09159824482792,-20.704820343055346,-12.439811667962198,-11.573206735389492,-8.826024549828919,-12.383779890442208,-9.649192269010246,-3.4279949634860336,-9.760440248316797,-7.668196655047877,-3.3901199706907286,-8.56974334283076,-6.671041935853489,neutral
-362.43701171875,83.09126281738281,2.287557601928711,9.257791519165039,-8.023045539855957,-22.5786075592041,-15.0552339553833,-20.49344825744629,-24.93107032775879,-11.980049133300781,-14.846263885498047,-8.400059700012207,-14.199729919433594,-12.202437400817871,-2.6929094791412354,-12.132987022399902,-8.857987403869629,-2.916964054107666,-10.980690002441406,-7.518588542938232,neutral
-333.8797912597656,89.34313201904297,2.807004928588867,10.703341484069824,-6.255776405334473,-22.554380416870117,-14.784076690673828,-19.848007202148438,-24.55280876159668,-12.085175514221191,-15.590568542480469,-8.624383926391602,-14.98753833770752,-12.092879295349121,-3.011549949645996,-13.014044761657715,-8.408899307250977,-2.910341262817383,-11.256897926330566,-7.4609055519104,neutral
-358.5357360839844,84.22451782226562,0.21195566654205322,8.047590255737305,-13.345481872558594,-24.80495834350586,-16.593719482421875,-23.160261154174805,-24.715301513671875,-11.311737060546875,-15.655512809753418,-8.910839080810547,-16.13698387145996,-7.043716907501221,-3.9835360050201416,-14.119613647460938,-5.456020355224609,-4.607231140136719,-12.100329399108887,-6.8762431144714355,neutral
-295.1237487792969,114.949951171875,9.782044410705566,15.435369491577148,-8.557153701782227,-14.730022430419922,-17.712167739868164,-12.95670223236084,-14.447171211242676,-5.209980487823486,-4.499202251434326,-6.864871501922607,-6.2843170166015625,-8.410356521606445,-4.047237873077393,-5.54556131362915,-6.88699197769165,1.776451587677002,-8.158785820007324,-6.579236030578613,joy
-216.9148633576763,63.29842879962866,20.134020887235142,7.323050218590665,-4.897902736179568,-12.479675378442517,-13.91328710338849,-11.388657325868216,-11.251748852756798,-6.267061803557559,-3.22423528234862,-4.245114771623253,-5.097959879641767,-5.301813360985968,-3.3812436299224164,-4.5598870156137545,-3.2717417260494055,-0.5123433689003859,-5.011128503885614,-5.441005406091561,joy
-317.8948059082031,114.13394165039062,9.00866413116455,14.590734481811523,-9.751696586608887,-15.691343307495117,-18.753948211669922,-14.10646915435791,-15.145980834960938,-5.681600093841553,-5.004124164581299,-6.815694808959961,-5.533505916595459,-8.10677719116211,-3.5428431034088135,-5.371032238006592,-6.474170684814453,2.443510055541992,-7.843285083770752,-6.224692344665527,joy
-294.7865295410156,115.25226593017578,9.761758804321289,15.462316513061523,-8.659570693969727,-14.609964370727539,-17.670515060424805,-12.877782821655273,-14.517635345458984,-5.2427592277526855,-4.584747314453125,-6.922966957092285,-6.304352283477783,-8.386225700378418,-4.019725799560547,-5.509195327758789,-6.82308292388916,1.8668354749679565,-8.171793937683105,-6.54722261428833,joy
-314.3294982910156,117.00773620605469,6.602994918823242,13.67330551147461,-13.752717971801758,-16.883872985839844,-19.836944580078125,-13.859782218933105,-15.45333194732666,-3.9564507007598877,-7.002171039581299,-5.988170623779297,-6.540703296661377,-7.293535232543945,-3.348418712615967,-6.920177459716797,-3.699739933013916,-0.3309144675731659,-10.97998332977295,-4.897152423858643,joy
-380.4294738769531,89.28211975097656,-5.145432949066162,17.726654052734375,2.6416397094726562,-14.509904861450195,-21.789146423339844,-15.379447937011719,-22.132858276367188,-6.391404151916504,-5.548938751220703,-3.5543644428253174,-6.148839473724365,-11.289582252502441,-2.1626527309417725,1.0524636507034302,-9.806020736694336,4.5151495933532715,-6.683853626251221,-7.811421871185303,neutral
-214.8153368978211,34.71577688695352,6.791394384840457,5.820733610893289,1.7759907428504962,-6.972414272520737,-10.056690649353332,-9.11447037674463,-9.983470522741833,-6.323932134685731,-3.1077792884980995,-1.1769951237567433,-3.1688978759449697,-3.9130964166034703,-1.0070901978730216,-0.21812726821697762,-2.401477378021068,0.24516074671084573,-1.5082938990466728,-4.484367862681099,neutral
-401.0958557128906,88.65731048583984,-7.84946870803833,17.196535110473633,2.1652772426605225,-15.193497657775879,-21.85672950744629,-15.465804100036621,-22.807798385620117,-6.586257457733154,-6.019305229187012,-3.9252941608428955,-5.9438605308532715,-11.282532691955566,-2.411120891571045,0.9859488010406494,-9.814566612243652,5.051502227783203,-6.563097953796387,-8.346284866333008,neutral
-379.4370422363281,89.19197845458984,-4.927062511444092,17.691993713378906,2.666694164276123,-14.454883575439453,-21.761993408203125,-15.346923828125,-21.98933982849121,-6.425932884216309,-5.526740550994873,-3.534067392349243,-6.187445640563965,-11.247355461120605,-2.1582529544830322,1.0420955419540405,-9.650307655334473,4.4870524406433105,-6.599916934967041,-7.7894463539123535,neutral
-396.6314697265625,89.58175659179688,-8.367863655090332,17.758649826049805,-0.6976378560066223,-18.75274658203125,-22.566120147705078,-16.808103561401367,-21.85344696044922,-3.5895986557006836,-6.695803642272949,-4.366723537445068,-8.698295593261719,-10.433388710021973,1.8457247018814087,-2.5210068225860596,-7.471209526062012,3.772801637649536,-13.03287410736084,-6.279425144195557,neutral
-405.8548583984375,89.42227935791016,21.220855712890625,52.56498336791992,23.117202758789062,31.32762908935547,12.731806755065918,21.40969467163086,10.230130195617676,16.94719886779785,13.184005737304688,12.272509574890137,0.48745861649513245,3.4456310272216797,-2.3709750175476074,2.3354153633117676,-1.369925856590271,2.06158709526062,-2.4796078205108643,2.5866897106170654,disgust
-333.8230130062291,45.18525741246932,30.060566088732802,34.1462252952431,27.103773961258984,25.626455562422297,19.54010723394464,17.956973475643405,12.781137964887337,13.881961591652548,13.741423793013805,9.280761856906544,4.061575225539783,3.156919366723758,0.017044626167469875,0.9915400185627952,0.6293483598677995,-0.28598820033929245,-0.9348777719319176,-1.0524456437089689,disgust
-440.58203125,87.71782684326172,20.752246856689453,51.93730545043945,22.80393409729004,30.697246551513672,12.549673080444336,21.567020416259766,10.105871200561523,16.84827423095703,13.118850708007812,12.10464859008789,-0.02719152346253395,3.7255773544311523,-2.2464396953582764,2.540515184402466,-1.8830013275146484,2.2394301891326904,-2.3947043418884277,2.2808444499969482,disgust
-403.7045593261719,89.1312255859375,21.840404510498047,52.33525085449219,22.754383087158203,31.27170181274414,12.483384132385254,21.29689598083496,10.028892517089844,16.80072021484375,12.94314193725586,12.186079978942871,0.422038197517395,3.584796905517578,-2.402012586593628,2.461301565170288,-1.3120983839035034,2.1122593879699707,-2.4001548290252686,2.694917917251587,disgust
-438.39764404296875,86.63192749023438,25.590486526489258,52.9316520690918,25.04033088684082,31.9100284576416,13.324706077575684,20.24106788635254,9.488819122314453,18.25830841064453,13.631814002990723,8.636109352111816,-1.045029640197754,2.8327982425689697,-3.442108154296875,0.8359161615371704,-1.063275933265686,-0.290305495262146,-2.8264336585998535,0.2850499451160431,disgust
-340.50823974609375,110.92308044433594,22.488567352294922,40.03579330444336,10.008963584899902,11.138047218322754,-12.855823516845703,-1.2456203699111938,-16.143604278564453,-7.574588298797607,-10.786009788513184,-1.0384036302566528,-10.866756439208984,-5.8370537757873535,-5.5895819664001465,2.1055448055267334,-5.098721504211426,-0.32188424468040466,-3.923762559890747,-6.492769241333008,disgust
-280.2176802628611,64.81792113089341,33.491321753661445,29.64696588737607,13.048519840883712,6.637936952084794,-6.2038340287497045,-5.33651452455438,-12.004028923657046,-9.088957146545795,-8.320573563319606,-5.498021699282256,-7.816577678502342,-6.953135766155957,-3.125287010708403,-0.1804677414465329,-3.3545399972478798,-2.7538574501994857,-2.521379738318091,-8.002735789617972,disgust
-374.7220458984375,107.45606231689453,23.378633499145508,41.48366165161133,9.383025169372559,11.136846542358398,-13.708580017089844,-1.4738489389419556,-16.589256286621094,-7.811144828796387,-11.333598136901855,-0.29788005352020264,-10.694364547729492,-6.4369215965271,-6.258316993713379,1.6682724952697754,-5.7665019035339355,-0.22456978261470795,-4.319738388061523,-6.876161098480225,disgust
-340.3253479003906,111.00785827636719,22.5086612701416,40.02492141723633,10.021086692810059,11.172273635864258,-12.900630950927734,-1.2392231225967407,-16.15993881225586,-7.518464088439941,-10.844382286071777,-1.1132843494415283,-10.901620864868164,-5.840967655181885,-5.578568458557129,2.129512310028076,-5.06679105758667,-0.2597428560256958,-3.898735761642456,-6.395111560821533,disgust
-373.6590881347656,103.43977355957031,23.046659469604492,36.19387435913086,6.814449787139893,9.167603492736816,-11.343027114868164,-1.4584990739822388,-15.27180004119873,-5.606335639953613,-9.137053489685059,-2.3018505573272705,-14.332895278930664,-7.151551246643066,-5.817534446716309,-0.21955008804798126,-8.385673522949219,-2.1060385704040527,-9.916587829589844,-11.822364807128906,disgust
-370.5896301269531,187.8276824951172,-12.566882133483887,39.995460510253906,-1.6979568004608154,-13.9866943359375,-13.604628562927246,-19.692947387695312,-8.770073890686035,-0.6164169311523438,3.047891855239868,4.3659234046936035,-8.506006240844727,-9.381604194641113,-5.791014194488525,2.827363967895508,-0.12172533571720123,-2.72284197807312,-6.912557601928711,-4.991939067840576,fear
-238.16743520948293,69.51860414409624,33.50248005397268,12.257589813670663,1.7432053310072748,-8.214476689396097,-13.99337066841919,-13.660934867935683,-8.784817849173313,-1.8378178773757805,2.4835161965155,1.0297958578885806,-4.9691288914159,-7.031233542901467,-3.361176161747659,-0.26854212251159426,-1.1208185526287848,-3.1165708937486976,-3.9172973032012792,-4.695245456108343,fear
-407.34014892578125,186.4397430419922,-11.766108512878418,37.90620040893555,-1.1880714893341064,-14.561212539672852,-12.913727760314941,-19.20670509338379,-6.759159088134766,3.131291627883911,5.487689018249512,3.6901822090148926,-9.249140739440918,-10.199003219604492,-6.619278907775879,2.5165622234344482,-0.6478924751281738,-4.621096611022949,-9.467434883117676,-7.983502388000488,fear
-369.52874755859375,187.40037536621094,-12.436319351196289,39.87186813354492,-1.811490535736084,-13.978317260742188,-13.493422508239746,-19.614879608154297,-8.778348922729492,-0.7967267632484436,2.912890911102295,4.34684944152832,-8.336369514465332,-9.286272048950195,-5.7725911140441895,2.7363054752349854,-0.18459564447402954,-2.755479335784912,-6.866882801055908,-4.958498477935791,fear
-398.4750061035156,187.22633361816406,-10.445059776306152,38.42037582397461,-8.108716011047363,-19.175039291381836,-18.640209197998047,-19.721506118774414,-2.9606940746307373,0.8713604807853699,2.443878173828125,-2.268606185913086,-13.42859935760498,-8.452653884887695,0.22758783400058746,6.0782294273376465,-1.438726782798767,-6.08540153503418,-9.14671802520752,-6.213566303253174,fear
-268.7677307128906,82.23367309570312,9.955434799194336,31.816707611083984,11.182421684265137,-0.9339848756790161,-8.768651962280273,3.211414098739624,-11.730188369750977,0.8284621238708496,-7.703907012939453,5.137377738952637,-6.830697059631348,-4.502326488494873,-5.387131214141846,1.0152626037597656,-1.2636163234710693,2.534299612045288,2.0179033279418945,6.657165050506592,anger
-223.2160771896311,48.15691968461344,18.551102560915332,23.575861610092446,12.402589187568054,-1.6324199652249185,-4.7127432981938915,-0.16208959452717928,-7.480323231347717,-2.441759525809579,-3.5235055791646435,0.4235008858729532,-4.912984208881257,-5.834826724394699,-3.93102102752701,-0.40184187288595513,-0.10707809170677894,1.7435031192583477,3.205379845467908,2.174946070482595,anger
-298.84881591796875,80.50320434570312,11.009599685668945,33.064971923828125,11.92690658569336,-1.4874426126480103,-9.196999549865723,3.338001012802124,-11.568408966064453,1.8100082874298096,-7.741074085235596,5.613247394561768,-6.357648849487305,-4.916650295257568,-6.4330973625183105,1.241840124130249,-0.836604118347168,2.691730499267578,1.443184494972229,6.731078624725342,anger
-268.4529113769531,82.25364685058594,9.950651168823242,31.702228546142578,11.119550704956055,-1.0647144317626953,-8.696854591369629,3.3141112327575684,-11.588279724121094,0.8734400868415833,-7.705631732940674,5.038795471191406,-6.93983268737793,-4.52259635925293,-5.315054893493652,1.046330451965332,-1.2672629356384277,2.5440478324890137,2.083503246307373,6.621484279632568,anger
-295.7557067871094,78.75920867919922,13.123437881469727,31.538982391357422,10.372132301330566,-4.067695140838623,-5.006402015686035,2.6029393672943115,-9.01349925994873,2.239100933074951,-6.328627586364746,3.2517712116241455,-8.6773099899292,-2.9622600078582764,-4.147029399871826,1.304492712020874,-0.35804155468940735,2.7473738193511963,3.117912769317627,-2.614840507507324,anger
-307.59149169921875,76.5000991821289,1.6563541889190674,36.553733825683594,-1.1377017498016357,2.3575541973114014,-21.7401065826416,-5.772069931030273,-16.452987670898438,-2.208177089691162,-14.401687622070312,0.20111441612243652,-12.260126113891602,-8.807085990905762,-7.497640132904053,0.8959795832633972,-8.926139831542969,-0.7733272910118103,-3.634909152984619,-2.5889604091644287,neutral
-262.6827177953691,44.018201334158945,16.235707277195246,22.02517061148751,5.40664570643872,-2.1407840427309037,-13.74855619186612,-9.014890958183095,-9.55946670187253,-8.046155566845222,-8.568045308805896,-3.9752417986945643,-7.385891782223001,-9.115679122561065,-4.237051390782173,-2.365447351019975,-5.04950642207505,-2.904774200081675,-0.1561493006269691,-4.3223896509821715,neutral
-340.24468994140625,73.73463439941406,2.66275691986084,37.63777160644531,-1.3479605913162231,1.3285659551620483,-23.35426902770996,-7.601268291473389,-17.717649459838867,-2.339881658554077,-14.5301513671875,0.6770116686820984,-12.345880508422852,-9.54627513885498,-8.249960899353027,0.4608372449874878,-8.592164993286133,-0.8805419206619263,-3.6933979988098145,-2.7770586013793945,neutral
-306.8529052734375,76.96858215332031,1.8992791175842285,36.544105529785156,-1.0544544458389282,2.178135871887207,-21.617036819458008,-5.705270767211914,-16.284269332885742,-2.125235080718994,-14.173006057739258,0.2706998288631439,-12.19137954711914,-8.871748924255371,-7.449459552764893,0.7709977030754089,-8.927406311035156,-0.8675437569618225,-3.710522413253784,-2.669736623764038,neutral
-336.8976135253906,72.38928985595703,4.720950603485107,34.56520080566406,-3.4000651836395264,-2.4040613174438477,-23.09449005126953,-8.389406204223633,-16.369537353515625,-4.311257839202881,-13.358244895935059,-0.669297993183136,-15.19922924041748,-7.46476936340332,-4.911176681518555,-1.344763159751892,-8.896822929382324,0.7077882885932922,-4.519982814788818,-6.55745267868042,neutral
-319.0052490234375,63.89331817626953,-9.691951751708984,28.173328399658203,0.4181421399116516,-2.7235043048858643,-10.943708419799805,-0.08916129916906357,-8.828614234924316,3.173229932785034,-5.3328857421875,2.110990524291992,-9.033740043640137,-5.495910167694092,-8.892898559570312,-1.2739864587783813,-5.39360237121582,0.709765613079071,-5.167524814605713,-1.4316097497940063,disgust
-267.37027951095905,28.651058115794097,5.439914138120963,15.576924486623899,4.932905821368792,-4.523863223739064,-5.92638451370775,-2.333962285659382,-4.388243331306967,-0.8609041610623729,-1.5328421762907933,-0.6432135644307329,-4.120731511086651,-5.976976944253844,-5.115041087525314,-2.76167434314838,-3.135258200420461,-1.969489408425119,-2.16551076287939,-2.8133522371368853,disgust
-353.2615051269531,61.95351028442383,-9.078035354614258,28.330732345581055,0.24130746722221375,-3.7165699005126953,-11.251498222351074,-0.28760242462158203,-8.634620666503906,3.554593324661255,-5.831972122192383,1.3956618309020996,-9.31838321685791,-5.849752902984619,-9.281688690185547,-1.53278386592865,-5.484303951263428,0.6572063565254211,-5.180296897888184,-1.2894563674926758,disgust
-318.4300842285156,63.3740348815918,-9.811964988708496,28.145723342895508,0.5290067791938782,-2.5960938930511475,-10.952173233032227,-0.012785963714122772,-8.876544952392578,3.209589719772339,-5.321176052093506,2.0922155380249023,-9.058223724365234,-5.445900917053223,-8.869351387023926,-1.2366429567337036,-5.3911285400390625,0.760241687297821,-5.160647392272949,-1.4219962358474731,disgust
-351.2183837890625,59.69841766357422,-7.084214210510254,27.750450134277344,-1.415592908859253,-6.366616725921631,-9.66844654083252,-1.045032262802124,-7.111105918884277,2.576535701751709,-5.879542827606201,-0.5391882658004761,-10.37912368774414,-6.235559463500977,-7.496545791625977,-0.7052015662193298,-3.849827289581299,-0.4316175580024719,-6.585254669189453,-3.9313340187072754,disgust
-342.6278381347656,109.16940307617188,-3.9730467796325684,32.401512145996094,-4.27367639541626,2.77819561958313,-0.6606432795524597,2.479999542236328,-6.043199062347412,6.011962890625,-0.9728215336799622,5.664275646209717,-4.651904106140137,-1.2486979961395264,-1.0207008123397827,5.458802700042725,2.219639301300049,4.325247764587402,1.439424753189087,-0.5953474640846252,neutral
-279.66446251672505,53.256545835835944,16.75347741923343,20.208113285364806,1.9620829218173346,-1.3988568403027515,2.5032988887512992,0.025186316760005722,-2.4918388218639054,2.335781636496271,1.1669817603617025,2.5694834479107738,-1.406445205223788,-2.7458859862015093,1.6028341639501955,3.3985840335938673,2.675980553854896,3.061978226019456,2.6123994875067273,-1.8422806894684922,neutral
-378.05450439453125,105.130615234375,-5.365891456604004,31.909099578857422,-5.6239423751831055,3.4266414642333984,-0.3144526183605194,3.4486091136932373,-5.852344989776611,6.950178146362305,-0.8262038230895996,5.723428249359131,-5.3044514656066895,-1.8635791540145874,-2.4287917613983154,4.835488796234131,1.5595794916152954,4.693702697753906,1.6840444803237915,0.45291244983673096,neutral
-341.5429992675781,108.94944763183594,-4.190720558166504,32.65016174316406,-4.255434036254883,2.774752616882324,-0.7051559686660767,2.6668508052825928,-6.089197635650635,5.972748279571533,-0.9857229590415955,5.782696723937988,-4.6845927238464355,-1.2698968648910522,-0.9439255595207214,5.469195365905762,2.1793127059936523,4.231486797332764,1.5721526145935059,-0.5920159816741943,neutral
-373.7680969238281,103.36687469482422,-3.0086474418640137,31.6317138671875,-5.919456958770752,2.162126064300537,-1.725261926651001,-0.25698551535606384,-6.6636962890625,5.272826194763184,-2.0761396884918213,4.061291217803955,-5.877935886383057,0.8529711365699768,1.4603383541107178,6.503119468688965,1.6244590282440186,3.905164957046509,-0.019677335396409035,-3.4698238372802734,neutral
-370.3084716796875,94.41870880126953,-12.510223388671875,39.242088317871094,-2.0076584815979004,2.5481550693511963,-11.586762428283691,-4.421685695648193,-12.18384838104248,-4.362696170806885,-11.351164817810059,-7.02678108215332,-14.85608196258545,-6.028707027435303,-7.5432939529418945,-0.9460172057151794,-0.3814142942428589,8.261606216430664,5.057244300842285,5.740212917327881,sadness
-196.66862353129494,12.937614901439769,8.210847337042225,6.745056814715191,2.5021898081791427,-2.011867971732884,-3.741421056448361,-4.590348554701227,-5.115130563312446,-5.2858630390433285,-5.199520283597754,-5.984832114536527,-6.480973231992299,-5.390757959817734,-3.1828337552606834,-1.2122721495411932,0.365001755214027,1.9770483498200606,3.483753483526362,2.0451192290188724,sadness
-408.8813781738281,91.3373794555664,-13.207931518554688,39.349830627441406,-2.106849431991577,1.8325475454330444,-11.05163288116455,-4.26092004776001,-11.676599502563477,-4.251494884490967,-10.623676300048828,-6.485424518585205,-14.364611625671387,-6.27091121673584,-7.809419631958008,-1.440704584121704,-0.3353222906589508,7.499949932098389,4.40369176864624,5.267569541931152,sadness
-369.67877197265625,94.322265625,-12.421316146850586,39.08383560180664,-1.958117961883545,2.390043258666992,-11.543447494506836,-4.538564205169678,-12.072001457214355,-4.418064594268799,-11.265499114990234,-7.075629234313965,-14.789301872253418,-6.1640801429748535,-7.484433174133301,-1.0292186737060547,-0.29430603981018066,8.199524879455566,5.195164203643799,5.723612308502197,sadness
-402.9997253417969,94.2417221069336,-8.753074645996094,38.220428466796875,-5.829164505004883,-0.9072685241699219,-13.945012092590332,-5.842718601226807,-12.022322654724121,-4.479260444641113,-12.815407752990723,-9.399306297302246,-14.894183158874512,-4.420521259307861,-4.974774360656738,2.490785837173462,3.8351051807403564,10.372273445129395,2.664703369140625,-1.719245195388794,sadness
-478.8072509765625,64.76720428466797,-3.7486748695373535,33.13971710205078,5.210226535797119,10.515475273132324,-2.008997678756714,3.916811943054199,-3.5130534172058105,7.016504287719727,-0.5653411149978638,4.414341926574707,-4.357475757598877,-0.02879495359957218,-3.428022623062134,3.6963047981262207,-1.2373361587524414,2.4104716777801514,-3.477429151535034,0.4373457133769989,surprise
-466.1173434760329,51.31899764441367,5.475819574186172,25.522439176717445,10.377003209217225,6.468969995524848,1.3550896475395133,0.9823223818168744,-0.6190466063978693,4.2024884694148295,1.984431066974161,1.7544557081696965,-1.835919802485677,-2.1969443902420767,-1.3645181476223882,1.827872185950761,0.5041029601626714,0.8630586690659113,-1.8562304821254385,-1.1924193172248732,surprise
-517.1993408203125,62.69831848144531,-4.70051908493042,33.35853958129883,5.841460704803467,10.6462984085083,-1.9367289543151855,4.3814005851745605,-2.365175724029541,7.915925979614258,0.5471173524856567,5.734633445739746,-4.094138145446777,-0.6128693222999573,-3.6418895721435547,3.5003929138183594,-1.3376811742782593,1.8339831829071045,-3.6641225814819336,0.4119018316268921,surprise
-478.6723937988281,64.87963104248047,-3.5738525390625,33.05546188354492,5.323454856872559,10.579036712646484,-1.9136050939559937,3.890626907348633,-3.60003662109375,6.994455337524414,-0.46262016892433167,4.493333339691162,-4.338636875152588,0.03218908607959747,-3.446840763092041,3.7276904582977295,-1.0689480304718018,2.5313212871551514,-3.483081102371216,0.4894252121448517,surprise
-513.3952026367188,60.41996765136719,-3.1152360439300537,31.801864624023438,4.873399257659912,9.339492797851562,-3.1860218048095703,3.1017098426818848,-3.414851427078247,5.771834850311279,-2.914571762084961,2.9304141998291016,-6.530858516693115,0.3796873986721039,-1.6302276849746704,4.346132755279541,-2.173793077468872,0.8125084638595581,-4.947182655334473,-0.4921364486217499,surprise
-416.6848449707031,62.572723388671875,0.09378980100154877,28.549297332763672,2.960629940032959,8.923530578613281,-3.8169095516204834,-2.132533311843872,-4.587214469909668,6.111288070678711,-2.7801637649536133,5.188917636871338,-7.720718860626221,-2.2905354499816895,-6.450704097747803,-0.6898114085197449,-2.0556397438049316,-0.16485156118869781,-6.048296928405762,-1.3184694051742554,neutral
-348.93230906887896,19.042452279828503,10.859755531379133,15.85145443272546,5.407902170334338,4.963580941757595,-0.7115421087202571,-1.4048771381790501,-1.6145099070571982,1.8612235599594684,-0.9445136789270632,0.9854672867245725,-3.9903714142966273,-2.9301562770535536,-3.397584918648649,-2.7600706509899653,-0.9914543424379146,-2.274055679869652,-4.116122289468606,-2.742572962338117,neutral
-452.2101135253906,59.67839813232422,1.1179814338684082,29.04365348815918,3.103634834289551,8.727354049682617,-4.242317199707031,-2.4924063682556152,-4.871513366699219,5.731804847717285,-2.905457019805908,4.509873867034912,-7.668642044067383,-2.692096471786499,-6.509252071380615,-1.0820435285568237,-1.5958646535873413,-0.2438965141773224,-5.360424041748047,-1.4855804443359375,neutral
-416.55938720703125,62.85079574584961,0.25205734372138977,28.664981842041016,3.0835723876953125,9.04604721069336,-3.613880157470703,-2.031036138534546,-4.57172966003418,6.087724208831787,-2.78948974609375,5.149388790130615,-7.7353715896606445,-2.2871408462524414,-6.432819843292236,-0.6824475526809692,-2.0795905590057373,-0.13255827128887177,-6.0010085105896,-1.2916768789291382,neutral
-451.40020751953125,57.59965515136719,2.448519706726074,27.852689743041992,2.872591257095337,7.731759548187256,-5.684959888458252,-3.5331571102142334,-2.2713258266448975,5.741191864013672,-2.115201950073242,3.1619601249694824,-9.607136726379395,-1.887704610824585,-5.765909671783447,0.1033840924501419,-2.99747371673584,-2.6733341217041016,-6.731918811798096,-2.1788246631622314,neutral
-330.20758056640625,30.92183494567871,-5.554721355438232,35.22693634033203,-4.986828804016113,-6.198256969451904,-14.917962074279785,-4.179384231567383,-12.436956405639648,-2.022378444671631,-10.389996528625488,1.529186725616455,-11.103055000305176,-5.332698822021484,-8.149359703063965,-7.147421836853027,-5.0645551681518555,-2.41046142578125,-6.836909770965576,-2.001307964324951,anger
-280.69620491373416,15.54495360499689,0.9300377896392045,21.394541497513213,-2.9610337539847627,-8.077477098207721,-9.851767146931225,-4.976950393943776,-9.364604821891309,-4.94983444347559,-8.019141875907573,-0.817670678199299,-6.903169890885129,-4.7417818465004,-4.553221510967663,-6.390535422239305,-3.431272579589741,-2.7442306732491852,-3.8761759283428385,-2.3119939840985224,anger
-358.09222412109375,25.252599716186523,-4.75357723236084,35.302066802978516,-4.77646017074585,-6.550021171569824,-15.933084487915039,-4.990239143371582,-12.864572525024414,-2.9970927238464355,-11.233075141906738,1.1673864126205444,-10.731670379638672,-4.6908488273620605,-8.310704231262207,-7.379079341888428,-5.169065952301025,-1.5284390449523926,-6.996081829071045,-2.1470565795898438,anger
-329.07659912109375,32.56645202636719,-5.441902160644531,35.51380920410156,-5.043665409088135,-6.467293739318848,-15.054017066955566,-4.429571151733398,-12.54327392578125,-2.2560105323791504,-10.513070106506348,1.496802806854248,-11.144129753112793,-5.455008506774902,-8.159400939941406,-7.221962928771973,-5.073634624481201,-2.171428680419922,-6.690861701965332,-1.9619728326797485,anger
-355.6174621582031,22.110801696777344,-1.6142500638961792,32.74568557739258,-8.101724624633789,-9.33797550201416,-16.253768920898438,-5.716864109039307,-11.252572059631348,-2.783418655395508,-10.310561180114746,0.5312278866767883,-13.249641418457031,-4.412973880767822,-10.100200653076172,-5.658928871154785,-4.3582892417907715,-3.972231864929199,-7.482934951782227,-4.210710048675537,anger
-360.3988342285156,46.095970153808594,-10.659746170043945,34.32892990112305,-1.5309839248657227,-5.717628479003906,-10.9667329788208,-6.078238010406494,-11.389732360839844,-2.6209232807159424,-7.037840366363525,-0.5170143246650696,-10.635607719421387,-6.5908002853393555,-11.232404708862305,-3.7149696350097656,-4.368775844573975,-2.1653175354003906,-7.89913272857666,-4.339247703552246,anger
-262.96050617158375,12.59583565578061,0.9281551064882448,16.360880554260184,-0.4988650163741788,-6.336305007067125,-5.278158342806505,-4.372732114917875,-6.533587649228155,-3.980128834090176,-4.254799202293993,-3.2735029690250723,-5.023271264721122,-4.335095701505464,-5.2196733302282965,-3.2757168008338127,-1.4344315414084645,-1.8434579242308033,-4.390089697088783,-3.825808936313488,anger
-390.01287841796875,42.49869155883789,-10.278468132019043,34.04290771484375,-2.0420989990234375,-6.741764545440674,-11.674942016601562,-7.106156349182129,-12.056035041809082,-2.617565393447876,-7.4332661628723145,-1.0960891246795654,-10.932356834411621,-6.922283172607422,-11.402792930603027,-3.924445390701294,-4.513270854949951,-2.178467035293579,-8.094534873962402,-4.35668420791626,anger
-358.2108154296875,46.857643127441406,-10.346794128417969,34.47125244140625,-1.535875678062439,-5.842184543609619,-10.854053497314453,-5.795413017272949,-11.381621360778809,-2.6332738399505615,-7.0533127784729,-0.5373752117156982,-10.582143783569336,-6.532364845275879,-11.113518714904785,-3.7216382026672363,-4.325637340545654,-2.081507682800293,-7.844336986541748,-4.436392784118652,anger
-388.49078369140625,40.04413604736328,-8.037423133850098,32.93797302246094,-5.571743965148926,-10.03989028930664,-11.93386459350586,-7.3258819580078125,-11.682379722595215,-4.4538044929504395,-7.978750705718994,-2.807126998901367,-11.376474380493164,-6.143706798553467,-9.28762435913086,-1.6742732524871826,-4.32711935043335,-4.765763282775879,-9.896976470947266,-5.529816627502441,anger
-330.5133361816406,43.0623664855957,-9.955248832702637,29.09624481201172,-2.111205577850342,1.9622511863708496,-13.297805786132812,1.5440948009490967,-11.920246124267578,0.13934248685836792,-9.44586181640625,-4.5182294845581055,-10.884688377380371,-4.420090675354004,-8.409612655639648,-6.543042182922363,-6.943610668182373,-3.4234883785247803,-8.084421157836914,-4.29432487487793,neutral
-289.9075624329686,21.783452237416725,-3.9169605395620155,18.952971668514017,-0.7117061917707616,0.43833987830498383,-9.994455615199161,0.40815465701915055,-8.49975051440519,-1.6045126121274775,-7.919600064657087,-6.330085503541803,-8.310768152314887,-4.859553381181265,-6.0808181033269335,-7.7482823521245505,-5.112928020194732,-4.157006922890786,-6.406048272666942,-4.763439186938118,neutral
-356.1952819824219,39.755733489990234,-10.815640449523926,27.097599029541016,-3.424408435821533,2.2698142528533936,-15.280176162719727,2.3446831703186035,-12.25433349609375,-0.39296552538871765,-10.297804832458496,-5.251856327056885,-11.601794242858887,-5.1280012130737305,-8.472636222839355,-6.803274154663086,-6.985217094421387,-2.896641254425049,-7.654878616333008,-4.3118486404418945,neutral
-329.60723876953125,43.390933990478516,-10.434122085571289,28.816938400268555,-2.113089084625244,1.8571914434432983,-13.262872695922852,1.5834981203079224,-11.938360214233398,0.12867727875709534,-9.573200225830078,-4.5708112716674805,-10.89517593383789,-4.348440170288086,-8.452808380126953,-6.565446376800537,-6.940223217010498,-3.4362168312072754,-8.011053085327148,-4.254993438720703,neutral
-353.6556396484375,36.93342590332031,-8.473011016845703,24.927778244018555,-4.775118827819824,0.19538229703903198,-15.69750690460205,1.4576385021209717,-12.590615272521973,0.2941809296607971,-12.480884552001953,-5.929379463195801,-11.824792861938477,-3.0913660526275635,-9.147541046142578,-6.210550308227539,-7.631115913391113,-3.9135568141937256,-7.869993209838867,-5.1295318603515625,neutral
-284.6325988769531,60.07411193847656,-5.3473801612854,33.35562515258789,-5.2052531242370605,-8.220919609069824,-18.022964477539062,-10.826188087463379,-18.528837203979492,-1.807673454284668,-8.318081855773926,-7.82482385635376,-17.217575073242188,-6.980608940124512,-12.630447387695312,-6.722742080688477,-8.399275779724121,-5.305708408355713,-10.978141784667969,-3.397517204284668,anger
-181.06835903128854,23.577185911300706,9.734953223068613,12.22073996115877,-0.37417546719283923,-6.234490151447436,-7.817999071535294,-8.85701934112854,-8.364302308829417,-5.947279421244086,-4.714007119759065,-6.268283677614357,-6.941832584071625,-5.429295848635391,-6.230230133649578,-5.52325612857796,-4.611410078958248,-4.245252742897846,-4.376124213346078,-4.313804851294287,anger
-312.0068054199219,58.38562774658203,-5.880447864532471,32.61555862426758,-6.492671489715576,-8.539324760437012,-19.185216903686523,-11.59926986694336,-18.6295166015625,-1.4948148727416992,-8.438337326049805,-8.334351539611816,-16.750768661499023,-6.960312366485596,-13.204856872558594,-7.004804611206055,-8.319855690002441,-4.885624408721924,-10.932205200195312,-3.0853888988494873,anger
-284.32806396484375,60.227027893066406,-5.303591728210449,33.44425582885742,-5.195327281951904,-8.241713523864746,-18.150667190551758,-10.909475326538086,-18.591638565063477,-1.9073052406311035,-8.31352710723877,-7.773654937744141,-17.113571166992188,-6.9439544677734375,-12.64136028289795,-6.739915370941162,-8.393094062805176,-5.280459403991699,-10.974021911621094,-3.408555507659912,anger
-307.4098815917969,56.6375617980957,-3.002906322479248,30.052553176879883,-10.023667335510254,-12.581215858459473,-19.652360916137695,-13.320502281188965,-16.36507225036621,-2.784489631652832,-10.960171699523926,-12.081952095031738,-16.89199447631836,-6.98048210144043,-12.032196044921875,-5.979715824127197,-8.214874267578125,-8.503332138061523,-8.890542984008789,-5.161951065063477,anger
-451.5972595214844,74.76011657714844,-13.240880966186523,25.385683059692383,7.497189521789551,1.2741711139678955,-6.175782203674316,-0.9670248627662659,-8.184691429138184,-1.6622463464736938,-1.4595181941986084,-0.3400070071220398,-11.245615005493164,-2.6703617572784424,-4.4870829582214355,-3.677767038345337,-4.743488788604736,0.9722815752029419,-4.008457183837891,-1.136561632156372,surprise
-351.12212763444774,19.804813947155008,-1.783648484864754,8.872122443264688,4.460386407494877,-1.569258227751143,-1.3132750792281598,-1.1264177524412642,-4.228038407599809,-1.3129709568272032,-0.29964493042343465,-3.2441855259469325,-6.987788172427309,-2.9541537410385903,-2.3278531784647334,-3.8667526540950203,-2.550468364833482,0.4707847824866104,-1.1587690702460163,-1.652446057470869,surprise
-482.9477233886719,72.2406234741211,-14.377976417541504,25.267812728881836,7.258825302124023,0.0090585732832551,-6.005699634552002,-0.8230164051055908,-8.29478931427002,-1.574023723602295,-0.9444219470024109,-0.7628243565559387,-11.105186462402344,-2.6852145195007324,-4.686008930206299,-4.543710231781006,-4.681094646453857,1.4456499814987183,-4.117002964019775,-1.8262970447540283,surprise
-448.85205078125,75.06529998779297,-13.701881408691406,25.353551864624023,7.302672863006592,1.217631459236145,-6.265841960906982,-1.170859694480896,-8.388526916503906,-1.6768949031829834,-1.2313398122787476,-0.05738268420100212,-11.109681129455566,-2.775362253189087,-4.553020000457764,-3.642402410507202,-4.812232494354248,0.8763090968132019,-4.018280506134033,-1.0881545543670654,surprise
-479.5564880371094,70.51654052734375,-13.519965171813965,27.152605056762695,6.250748157501221,-1.0412439107894897,-5.591500282287598,-1.3310714960098267,-8.869719505310059,0.046136096119880676,-1.2986013889312744,-3.735560178756714,-11.707592964172363,-1.8105382919311523,-5.301700115203857,-3.3735084533691406,-2.5090081691741943,0.06415139138698578,-5.357941150665283,-2.676971197128296,surprise
